stadium,city,state,team-original,team,conference,capacity,built,expanded,div,latitude,longitude
Michigan Stadium,Ann Arbor,MI,Michigan,Michigan,Big Ten,107601,1927,2015,fbs,42.26586873,-83.74872565
Beaver Stadium,University Park,PA,Penn State,Penn State,Big Ten,106572,1960,2001,fbs,40.81215273,-77.85620213
Ohio Stadium,Columbus,OH,Ohio State,Ohio State,Big Ten,104944,1922,2014,fbs,40.00168569,-83.01972806
Kyle Field,College Station,TX,Texas A&M,Texas A&M,SEC,102733,1927,2015,fbs,30.61009758,-96.34072923
Neyland Stadium,Knoxville,TN,Tennessee,Tennessee,SEC,102455,1921,2010,fbs,35.95473437,-83.92533302
Tiger Stadium,Baton Rouge,LA,LSU,LSU,SEC,102321,1924,2014,fbs,30.4120124,-91.18381977
Bryant–Denny Stadium,Tuscaloosa,AL,Alabama,Alabama,SEC,101821,1929,2010,fbs,33.20748994,-87.55039215
Darrell K Royal–Texas Memorial Stadium,Austin,TX,Texas,Texas,Big 12,100119,1924,2009,fbs,30.2836034,-97.73233652
Los Angeles Memorial Coliseum,Los Angeles,CA,Southern California,Southern California,Pac-12,93607,1923,2008,fbs,34.01400974,-118.2878959
Sanford Stadium,Athens,GA,Georgia,Georgia,SEC,92746,1929,2004,fbs,33.94982149,-83.3734417
Rose Bowl,Pasadena,CA,UCLA,UCLA,Pac-12,92542,1921,1949,fbs,34.16156959,-118.1676149
Ben Hill Griffin Stadium,Gainesville,FL,Florida,Florida,SEC,88548,1930,2003,fbs,29.64986868,-82.34866619
Jordan–Hare Stadium,Auburn,AL,Auburn,Auburn,SEC,87451,1939,2004,fbs,32.60236167,-85.48891068
Memorial Stadium,Lincoln,NE,Nebraska,Nebraska,Big Ten,87091,1923,2013,fbs,40.82048352,-96.70571566
Bobby Bowden Field at Doak Campbell Stadium,Tallahassee,FL,Florida State,Florida State,ACC,82300,1950,2003,fbs,30.43754758,-84.30453398
Gaylord Family Oklahoma Memorial Stadium,Norman,OK,Oklahoma,Oklahoma,Big 12,82112,1925,2003,fbs,35.20589959,-97.44255066
Memorial Stadium,Clemson,SC,Clemson,Clemson,ACC,81500,1942,2006,fbs,34.67874666,-82.8431797
Notre Dame Stadium,Notre Dame,IN,Notre Dame,Notre Dame,Independent,80795,1930,1997,fbs,41.69842312,-86.23382449
Camp Randall Stadium,Madison,WI,Wisconsin,Wisconsin,Big Ten,80321,1917,2005,fbs,43.06993803,-89.41274643
Williams-Brice Stadium,Columbia,SC,South Carolina,South Carolina,SEC,80250,1934,1996,fbs,33.97259115,-81.02021635
Spartan Stadium,East Lansing,MI,Michigan State,Michigan State,Big Ten,75005,1923,2005,fbs,42.72816912,-84.48487535
Donald W. Reynolds Razorback Stadium,Fayetteville,AR,Arkansas,Arkansas,SEC,72000,1938,2006,fbs,36.06785079,-94.17879581
Sun Devil Stadium Frank Kush Field,Tempe,AZ,Arizona State,Arizona State,Pac-12,71706,1958,1998,fbs,33.426364,-111.932616
Faurot Field,Columbia,MO,Missouri,Missouri,SEC,71168,1927,1997,fbs,38.9358953,-92.33311415
Kinnick Stadium,Iowa City,IA,Iowa,Iowa,Big Ten,70585,1929,2006,fbs,41.65838894,-91.55147552
Qualcomm Stadium,San Diego,CA,San Diego State,San Diego State,Mountain West,70561,1967,1997,fbs,32.78305326,-117.1196008
Husky Stadium,Seattle,WA,Washington,Washington,Pac-12,70500,1920,2012,fbs,47.65043054,-122.3029198
Lincoln Financial Field,Philadelphia,PA,Temple,Temple,American,68532,2003,,fbs,39.9007489,-75.16749144
Heinz Field,Pittsburgh,PA,Pittsburgh,Pittsburgh,ACC,68400,2001,,fbs,40.44678377,-80.01575589
Lane Stadium,Blacksburg,VA,Virginia Tech,Virginia Tech,ACC,66233,1965,2005,fbs,37.21997428,-80.41805506
Raymond James Stadium,Tampa,FL,USF,South Florida,American,65857,1998,,fbs,27.97599447,-82.50334918
Sun Life Stadium,Miami Gardens,FL,Miami,Miami (Fla.),ACC,65326,1987,2016,fbs,25.95793374,-80.23884058
Alamodome,San Antonio,TX,UTSA,Texas-San Antonio,C-USA,65000,1993,,fbs,29.41693713,-98.47890258
LaVell Edwards Stadium,Provo,UT,BYU,Brigham Young,Independent,63725,1964,1982,fbs,40.257488,-111.654439
Kenan Memorial Stadium,Chapel Hill,NC,North Carolina,North Carolina,ACC,62980,1927,2011,fbs,35.90698835,-79.04791832
California Memorial Stadium,Berkeley,CA,California,California,Pac-12,62717,1923,2012,fbs,37.8706866,-122.2507095
Liberty Bowl Memorial Stadium,Memphis,TN,Memphis,Memphis,American,62380,1965,1987,fbs,35.12085692,-89.97805741
Commonwealth Stadium,Lexington,KY,Kentucky,Kentucky,SEC,62093,1973,1999,fbs,38.02262168,-84.50520515
Jack Trice Stadium,Ames,IA,Iowa State,Iowa State,Big 12,61500,1975,2015,fbs,42.01400541,-93.63580942
Scott Stadium,Charlottesville,VA,Virginia,Virginia,ACC,61500,1931,2000,fbs,38.03112373,-78.51370811
Davis Wade Stadium,Starkville,MS,Mississippi State,Mississippi State,SEC,61337,1914,2014,fbs,33.4562306,-88.79342437
Jones AT&T Stadium,Lubbock,TX,Texas Tech,Texas Tech,Big 12,60862,1947,2013,fbs,33.5910283,-101.8729377
Memorial Stadium,Champaign,IL,Illinois,Illinois,Big Ten,60670,1923,2011,fbs,40.09930573,-88.23598623
Vaught–Hemingway Stadium,Oxford,MS,Mississippi,Mississippi,SEC,60580,1915,2002,fbs,34.3621543,-89.53414626
Boone Pickens Stadium,Stillwater,OK,Oklahoma State,Oklahoma State,Big 12,60218,1919,2005,fbs,36.12570866,-97.06650496
Mountaineer Field at Milan Puskar Stadium,Morgantown,WV,West Virginia,West Virginia,Big 12,60000,1980,2004,fbs,39.65221992,-79.9551753
Carter–Finley Stadium,Raleigh,NC,NC State,North Carolina State,ACC,57583,1966,2006,fbs,35.80075968,-78.71948719
Ross–Ade Stadium,West Lafayette,IN,Purdue,Purdue,Big Ten,56400,1924,2006,fbs,40.434323,-86.918485
Bobby Dodd Stadium at Historic Grant Field,Atlanta,GA,Georgia Tech,Georgia Tech,ACC,55000,1913,2003,fbs,33.77255692,-84.39285278
Papa John's Cardinal Stadium,Louisville,KY,Louisville,Louisville,ACC,55000,1998,2009,fbs,38.20542169,-85.75810562
Autzen Stadium,Eugene,OR,Oregon,Oregon,Pac-12,54000,1967,2002,fbs,44.05827272,-123.0685043
Memorial Stadium,Bloomington,IN,Indiana,Indiana,Big Ten,52959,1960,2010,fbs,39.18090913,-86.52557373
TCF Bank Stadium,Minneapolis,MN,Minnesota,Minnesota,Big Ten,52525,2009,,fbs,44.97652497,-93.22457582
High Point Solutions Stadium,Piscataway,NJ,Rutgers,Rutgers,Big Ten,52454,1994,2009,fbs,40.51378289,-74.46504457
Arizona Stadium,Tucson,AZ,Arizona,Arizona,Pac-12,51811,1928,1988,fbs,32.22834023,-110.9490395
Byrd Stadium,College Park,MD,Maryland,Maryland,Big Ten,51802,1950,2009,fbs,38.99120275,-76.94731173
Sun Bowl Stadium,El Paso,TX,UTEP,Texas-El Paso,C-USA,51500,1963,1981,fbs,31.77334531,-106.5078968
Folsom Field,Boulder,CO,Colorado,Colorado,Pac-12,50183,1924,2003,fbs,40.00939837,-105.2668869
Memorial Stadium,Lawrence,KS,Kansas,Kansas,Big 12,50071,1921,1999,fbs,38.96294599,-95.246315
Aloha Stadium,Honolulu,HI,Hawaii,Hawaii,Mountain West,50000,1975,2003,fbs,21.37278299,-157.9299688
Dowdy–Ficklen Stadium,Greenville,NC,East Carolina,East Carolina,American,50000,1963,2010,fbs,35.5964258,-77.36522913
Bill Snyder Family Football Stadium,Manhattan,KS,Kansas State,Kansas State,Big 12,50000,1968,2005,fbs,39.20186362,-96.59379244
Stanford Stadium,Stanford,CA,Stanford,Stanford,Pac-12,50000,2006,,fbs,37.43472641,-122.1610165
Carrier Dome,Syracuse,NY,Syracuse,Syracuse,ACC,49250,1980,,fbs,43.03613282,-76.13651991
Ryan Field,Evanston,IL,Northwestern,Northwestern,Big Ten,47130,1926,1997,fbs,42.06539967,-87.69249558
Rice Stadium,Houston,TX,Rice,Rice,C-USA,47000,1950,,fbs,29.71623403,-95.40926456
Falcon Stadium,Colorado Springs,CO,Air Force,Air Force,Mountain West,46692,1962,,fbs,38.99690743,-104.843688
Reser Stadium,Corvallis,OR,Oregon State,Oregon State,Pac-12,45674,1953,2005,fbs,44.55947684,-123.2814074
Bright House Networks Stadium,Orlando,FL,UCF,Central Florida,American,45323,2007,,fbs,28.60795886,-81.19299889
McLane Stadium,Waco,TX,Baylor,Baylor,Big 12,45140,2014,,fbs,31.55866264,-97.11560011
Rice-Eccles Stadium,Salt Lake City,UT,Utah,Utah,Pac-12,45017,1998,1998,fbs,40.75994782,-111.848824
Amon G. Carter Stadium,Fort Worth,TX,TCU,Texas Christian,Big 12,45000,1929,2012,fbs,32.70991597,-97.36799598
Alumni Stadium,Chestnut Hill,MA,Boston College,Boston College,ACC,44500,1957,1995,fbs,42.33510835,-71.16647243
Bulldog Stadium,Fresno,CA,Fresno State,Fresno State,Mountain West,41031,1980,1992,fbs,36.8143197,-119.7581016
Vanderbilt Stadium,Nashville,TN,Vanderbilt,Vanderbilt,SEC,40350,1922,2004,fbs,36.1435585,-86.80877209
Rentschler Field,East Hartford,CT,Connecticut,Connecticut,American,40000,2003,,fbs,41.75988428,-72.61894226
Nippert Stadium,Cincinnati,OH,Cincinnati,Cincinnati,American,40000,1924,2015,fbs,39.13128425,-84.51626144
TDECU Stadium,Houston,TX,Houston,Houston,American,40000,2014,,fbs,29.72176796,-95.34909841
University Stadium,Albuquerque,NM,New Mexico,New Mexico,Mountain West,39224,1960,2007,fbs,35.06761048,-106.6281028
Joan C. Edwards Stadium,Huntington,WV,Marshall,Marshall,C-USA,38019,1991,2000,fbs,38.42486536,-82.42185831
Michie Stadium,West Point,NY,Army,Army,Independent,38000,1924,2001,fbs,41.38708043,-73.96408081
Albertsons Stadium,Boise,ID,Boise State,Boise State,Mountain West,37000,1970,2012,fbs,43.60270805,-116.1959124
Cajun Field,Lafayette,LA,Louisiana-Lafayette,Louisiana-Lafayette,Sun Belt,36900,1971,,fbs,30.2157961,-92.01626414
Sam Boyd Stadium,Whitney,NV,UNLV,Nevada-Las Vegas,Mountain West,36800,1971,1999,fbs,36.08597388,-115.0171137
M. M. Roberts Stadium,Hattiesburg,MS,Southern Miss,Southern Mississippi,C-USA,36000,1932,2008,fbs,31.32897843,-89.33133066
Skelly Field at H. A. Chapman Stadium,Tulsa,OK,Tulsa,Tulsa,American,35542,1930,2005,fbs,36.14886068,-95.94360352
Sonny Lubick Field at Hughes Stadium,Fort Collins,CO,Colorado State,Colorado State,Mountain West,34400,1968,2006,fbs,40.56174245,-105.1398437
Navy–Marine Corps Memorial Stadium,Annapolis,MD,Navy,Navy,American,34000,1959,2005,fbs,38.98483264,-76.50711536
Wallace Wade Stadium,Durham,NC,Duke,Duke,ACC,33941,1929,2014,fbs,35.99531665,-78.9417243
Ladd Peebles Stadium,Mobile,AL,South Alabama,South Alabama,Sun Belt,33500,1948,2009,fbs,30.67423899,-88.07563305
Kelly/Shorts Stadium,Mount Pleasant,MI,Central Michigan,Central Michigan,MAC,32885,1972,1997,fbs,43.57761228,-84.77082968
Martin Stadium,Pullman,WA,Washington State,Washington State,Pac-12,32248,1972,2000,fbs,46.73196798,-117.1605858
Gerald J. Ford Stadium,University Park,TX,SMU,Southern Methodist,American,32000,2000,,fbs,32.83771581,-96.78270578
BB&T Field,Winston-Salem,NC,Wake Forest,Wake Forest,ACC,31500,1968,2007,fbs,36.09183481,-80.25534153
"Johnny ""Red"" Floyd Stadium",Murfreesboro,TN,Middle Tennessee,Middle Tennessee,C-USA,31000,1933,1998,fbs,35.85110908,-86.36844993
Centennial Bank Stadium,Jonesboro,AR,Arkansas State,Arkansas State,Sun Belt,30964,1974,2002,fbs,35.8489901,-90.66769494
Apogee Stadium,Denton,TX,North Texas,North Texas,C-USA,30850,2011,,fbs,33.20393508,-97.15922356
Joe Aillet Stadium,Ruston,LA,Louisiana Tech,Louisiana Tech,C-USA,30600,1968,1989,fbs,32.5322381,-92.65601888
Spartan Stadium,San Jose,CA,San Jose State,San Jose State,Mountain West,30456,1933,1985,fbs,37.32010519,-121.8681161
Malone Stadium,Monroe,LA,Louisiana-Monroe,Louisiana-Monroe,Sun Belt,30427,1978,1993,fbs,32.53106869,-92.06644075
Aggie Memorial Stadium,Las Cruces,NM,New Mexico State,New Mexico State,Sun Belt,30343,1978,2005,fbs,32.27974938,-106.7411363
Waldo Stadium,Kalamazoo,MI,Western Michigan,Western Michigan,MAC,30200,1939,2003,fbs,42.28575549,-85.60100421
Rynearson Stadium,Ypsilanti,MI,Eastern Michigan,Eastern Michigan,MAC,30200,1969,1992,fbs,42.25576071,-83.64775658
Mackay Stadium,Reno,NV,Nevada,Nevada,Mountain West,30000,1966,2016,fbs,39.54692485,-119.8175597
Bobcat Stadium,San Marcos,TX,Texas State,Texas State,Sun Belt,30000,1981,2012,fbs,29.89134455,-97.92531181
Summa Field at InfoCision Stadium,Akron,OH,Akron,Akron,MAC,30000,2009,,fbs,41.07256952,-81.50838375
FAU Stadium,Boca Raton,FL,Florida Atlantic,Florida Atlantic,C-USA,30000,2011,,fbs,26.37545356,-80.10168314
Veterans Memorial Stadium,Troy,AL,Troy,Troy,Sun Belt,30000,1950,2003,fbs,31.79952742,-85.95217692
Benson Field at Yulman Stadium,New Orleans,LA,Tulane,Tulane,American,30000,2014,,fbs,29.94589811,-90.11519112
War Memorial Stadium,Laramie,WY,Wyoming,Wyoming,Mountain West,29181,1950,2010,fbs,41.31193599,-105.5690646
UB Stadium,Amherst,NY,Buffalo,Buffalo,MAC,29013,1993,,fbs,42.99906838,-78.77751946
Georgia Dome,Atlanta,GA,Georgia State,Georgia State,Sun Belt,28155,1992,,fbs,33.75761738,-84.40106034
Glass Bowl,Toledo,OH,Toledo,Toledo,MAC,26248,1937,1990,fbs,41.65739078,-83.61401719
Romney Stadium,Logan,UT,Utah State,Utah State,Mountain West,25513,1968,1980,fbs,41.75153189,-111.8121057
Huskie Stadium,DeKalb,IL,NIU,Northern Illinois,MAC,25500,1965,1995,fbs,41.934014,-88.778222
Dix Stadium,Kent,OH,Kent State,Kent State,MAC,25000,1969,2008,fbs,41.13908683,-81.31343946
Paulson Stadium,Statesboro,GA,Georgia Southern,Georgia Southern,Sun Belt,24300,1984,2014,fbs,32.41221168,-81.7831707
Yager Stadium,Oxford,OH,Miami (OH),Miami (Ohio),MAC,24286,1983,2005,fbs,39.51942113,-84.7333545
Kidd Brewer Stadium,Boone,NC,Appalachian State,Appalachian State,Sun Belt,24050,1962,2009,fbs,36.2115153,-81.68550611
Peden Stadium,Athens,OH,Ohio,Ohio,MAC,24000,1929,2001,fbs,39.32130908,-82.10343945
Doyt Perry Stadium,Bowling Green,OH,Bowling Green,Bowling Green,MAC,23724,1966,,fbs,41.3780544,-83.62248212
FIU Stadium,Miami,FL,FIU,Florida International,C-USA,23500,1995,2012,fbs,25.75249279,-80.37786484
Scheumann Stadium,Muncie,IN,Ball State,Ball State,MAC,22500,1967,2007,fbs,40.21602764,-85.41769962
Houchens Industries–L. T. Smith Stadium,Bowling Green,KY,Western Kentucky,Western Kentucky,C-USA,22113,1968,2008,fbs,36.98487663,-86.45901397
Foreman Field,Norfolk,VA,Old Dominion,Old Dominion,C-USA,20118,1936,2009,fbs,36.88878132,-76.3056761
Warren McGuirk Alumni Stadium,Hadley,MA,UMass,Massachusetts,MAC,17000,1965,2014,fbs,42.37751324,-72.53562686
Kibbie Dome,Moscow,ID,Idaho,Idaho,Sun Belt,16000,1975,,fbs,46.72634961,-117.0175519
Jerry Richardson Stadium,Charlotte,NC,Charlotte,Charlotte,C-USA,15314,2013,,fbs,35.31028068,-80.74049377
LP Field,Nashville,Tennessee,Tennessee State Tigers,Tennessee State,Ohio Valley,68798,1999,,fcs,36.166927,-86.771469
Yale Bowl,New Haven,Connecticut,Yale Bulldogs,Yale,Ivy,61446,1914,,fcs,41.31212512,-72.96022912
Mississippi Veterans Memorial Stadium,Jackson,Mississippi,Jackson State Tigers,Jackson State,SWAC,60492,1941,,fcs,32.32963358,-90.17978311
Franklin Field,Philadelphia,Pennsylvania,Penn Quakers,Penn,Ivy,52593,1895,,fcs,39.949885,-75.18980742
Harvard Stadium,Boston,Massachusetts,Harvard Crimson,Harvard,Ivy,30323,1903,2007,fcs,42.366997,-71.12680128
"William ""Dick"" Price Stadium",Norfolk,Virginia,Norfolk State Spartans,Norfolk State,MEAC,30000,1997,,fcs,36.84669305,-76.26048088
Ace W. Mumford Stadium,Baton Rouge,Louisiana,Southern Jaguars,Southern Jaguars,SWAC,28500,1928,1980 2009,fcs,30.52196997,-91.1895313
Princeton University Stadium,Princeton,New Jersey,Princeton Tigers,Princeton,Ivy,27800,1998,,fcs,40.34822037,-74.65908408
Hornet Stadium,Montgomery,Alabama,Alabama State Hornets,Alabama State,SWAC,26500,2012,,fcs,32.38068597,-86.31141569
Schoellkopf Field,Ithaca,New York,Cornell Big Red,Cornell,Ivy,25597,1915,2006,fcs,42.44401296,-76.47868395
Bragg Memorial Stadium,Tallahassee,Florida,Florida A&M Rattlers,Florida A&M,MEAC,25500,1957,,fcs,30.42613695,-84.29142797
Washington–Grizzly Stadium,Missoula,Montana,Montana Grizzlies,Montana,Big Sky,25200,1986,1995 2003 2008,fcs,46.8639148,-113.9820606
Bridgeforth Stadium,Harrisonburg,Virginia,James Madison Dukes,James Madison,CAA,24878,1975,2011,fcs,38.43508894,-78.8734033
JSU Stadium,Jacksonville,Alabama,Jacksonville State Gamecocks,Jacksonville State,Ohio Valley,24000,1947,2010,fcs,33.82031031,-85.76646566
Fitton Field,Worcester,Massachusetts,Holy Cross Crusaders,Holy Cross Crusaders,Patriot,23500,1924,1986,fcs,42.24100469,-71.81140423
Jack Spinks Stadium,Lorman,Mississippi,Alcorn State Braves,Alcorn State Braves,SWAC,22500,1992,,fcs,31.8731844,-91.13631248
BBVA Compass Stadium,Houston,Texas,Texas Southern Tigers,Texas Southern Tigers,SWAC,22039,2012,,fcs,29.75225056,-95.35233736
Oliver C. Dawson Stadium,Orangeburg,South Carolina,South Carolina State Bulldogs,South Carolina State Bulldogs,MEAC,22000,1955,,fcs,33.49876701,-80.84493355
Delaware Stadium,Newark,Delaware,Delaware Fightin' Blue Hens,Delaware Fightin' Blue Hens,CAA,22000,1952,,fcs,39.66170402,-75.74883012
Aggie Stadium,Greensboro,North Carolina,North Carolina A&T Aggies,North Carolina A&T Aggies,MEAC,21500,1981,,fcs,36.08127442,-79.770087
Hornet Stadium,Sacramento,California,Sacramento State Hornets,Sacramento State Hornets,Big Sky,21195,1969,1992,fcs,38.55520501,-121.4221323
Johnson Hagood Stadium,Charleston,South Carolina,The Citadel Bulldogs,The Citadel Bulldogs,Southern,21000,1948,2008,fcs,32.79326346,-79.95643189
Louis Crews Stadium,Huntsville,Alabama,Alabama A&M Bulldogs,Alabama A&M Bulldogs,SWAC,21000,1996,,fcs,34.78321453,-86.57930374
Finley Stadium,Chattanooga,Tennessee,Chattanooga Mocs,Chattanooga Mocs,Southern,20668,1997,,fcs,35.03604045,-85.31576872
Stambaugh Stadium,Youngstown,Ohio,Youngstown State Penguins,Youngstown State Penguins,Missouri Valley,20650,1982,,fcs,41.10946146,-80.64997629
Roy Kidd Stadium,Richmond,Kentucky,Eastern Kentucky Colonels,Eastern Kentucky Colonels,Ohio Valley,20000,1969,,fcs,37.73447587,-84.2980957
Brown Stadium,Providence,Rhode Island,Brown Bears,Brown Bears,Ivy,20000,1925,,fcs,41.84214547,-71.39464611
Eddie Robinson Stadium,Grambling,Louisiana,Grambling State Tigers,Grambling State Tigers,SWAC,19600,1983,,fcs,32.52086745,-92.72140745
Providence Park,Portland,Oregon,Portland State Vikings,Portland State Vikings,Big Sky,19566,1926,2001,fcs,45.52155597,-122.6917398
Williams Stadium,Lynchburg,Virginia,Liberty Flames,Liberty Flames,Big South,19200,1989,2010,fcs,37.354414,-79.175047
Fargodome,Fargo,North Dakota,North Dakota State Bison,North Dakota State Bison,Missouri Valley,19000,1992,,fcs,46.90290763,-96.80152222
Bobcat Stadium,Bozeman,Montana,Montana State Bobcats,Montana State Bobcats,Big Sky,19000,1973,2011,fcs,45.65892753,-111.0495901
Plaster Sports Complex,Springfield,Missouri,Missouri State Bears,Missouri State Bears,Missouri Valley,17500,1941,2014,fcs,37.19762952,-93.27998757
Cowboy Stadium,Lake Charles,Louisiana,McNeese State Cowboys,McNeese State Cowboys,Southland,17410,1965,1998,fcs,30.17369328,-93.210746
Stewart Stadium,Ogden,Utah,Weber State Wildcats,Weber State Wildcats,Big Sky,17000,1966,,fcs,41.19197302,-111.9408058
Armstrong Stadium,Hampton,Virginia,Hampton Pirates,Hampton Pirates,MEAC,17000,1928,1999,fcs,37.02070612,-76.33395552
Lawrence A. Wien Stadium,Manhattan,New York,Columbia Lions,Columbia Lions,Ivy,17000,1984,,fcs,40.87231892,-73.91571406
Roy Stewart Stadium,Murray,Kentucky,Murray State Racers,Murray State Racers,Ohio Valley,16800,1973,,fcs,36.61838662,-88.31660271
Tucker Stadium,Cookeville,Tennessee,Tennessee Tech Golden Eagles,Tennessee Tech Golden Eagles,Ohio Valley,16500,1966,,fcs,36.17758324,-85.50654888
Hanson Field,Macomb,Illinois,Western Illinois Leathernecks,Western Illinois Leathernecks,Missouri Valley,16368,1950,2007,fcs,40.46839235,-90.68415642
UNI-Dome,Cedar Falls,Iowa,Northern Iowa Panthers,Northern Iowa Panthers,Missouri Valley,16000,1976,1998,fcs,42.51554362,-92.4673748
Provost Umphrey Stadium,Beaumont,Texas,Lamar Cardinals,Lamar Cardinals,Southland,16000,1964,2009-2010,fcs,30.04315005,-94.06990721
Paladin Stadium,Greenville,South Carolina,Furman Paladins,Furman Paladins,Southern,16000,1981,1985,fcs,34.91983652,-82.43776898
Goodman Stadium,Bethlehem,Pennsylvania,Lehigh Mountain Hawks,Lehigh Mountain Hawks,Patriot,16000,1988,,fcs,40.58912371,-75.35546064
Golden Lion Stadium,Pine Bluff,Arkansas,Arkansas–Pine Bluff Golden Lions,Arkansas Pine Bluff,SWAC,16000,2000,,fcs,34.25284339,-92.02177807
Harry Turpin Stadium,Natchitoches,Louisiana,Northwestern State Demons,Northwestern State Demons,Southland,15971,1976,,fcs,31.74742871,-93.0965101
Walkup Skydome,Flagstaff,Arizona,Northern Arizona Lumberjacks,Northern Arizona Lumberjacks,Big Sky,15300,1977,,fcs,35.18040297,-111.6530228
Saluki Stadium,Carbondale,Illinois,Southern Illinois Salukis,Southern Illinois Salukis,Missouri Valley,15276,2010,,fcs,37.70849956,-89.21695785
Shotwell Stadium,Abilene,Texas,Abilene Christian Wildcats,Abilene Christian Wildcats,Southland,15075,1959,2002,fcs,32.43380201,-99.69736576
Memorial Field,Hanover,New Hampshire,Dartmouth Big Green,Dartmouth Big Green,Ivy,15000,1923,,fcs,43.70127219,-72.28477632
Hancock Stadium,Normal,Illinois,Illinois State Redbirds,Illinois State,Missouri Valley,15000,1963,,fcs,40.51200468,-88.99625301
Coughlin–Alumni Stadium,Brookings,South Dakota,South Dakota State Jackrabbits,South Dakota State Jackrabbits,Missouri Valley,15000,1962,,fcs,44.32097739,-96.78015232
Homer Bryce Stadium,Nacogdoches,Texas,Stephen F. Austin Lumberjacks,Stephen F. Austin Lumberjacks,Southland,15000,1973,2003,fcs,31.62544764,-94.64499716
Drake Stadium,Des Moines,Iowa,Drake Bulldogs,Drake,Pioneer,14557,1925,2005,fcs,41.60500605,-93.65502208
Bowers Stadium,Huntsville,Texas,Sam Houston State Bearkats,Sam Houston State Bearkats,Southland,14000,1986,1986,fcs,30.71394674,-95.54191589
E. J. Whitmire Stadium,Cullowhee,North Carolina,Western Carolina Catamounts,Western Carolina Catamounts,Southern,13742,1974,,fcs,35.30465405,-83.18261862
Fisher Field,Easton,Pennsylvania,Lafayette Leopards,Lafayette Leopards,Patriot,13132,1926,,fcs,40.70072657,-75.21024133
Christy Mathewson–Memorial Stadium,Lewisburg,Pennsylvania,Bucknell Bison,Bucknell Bison,Patriot,13100,1924,1989,fcs,40.95207736,-76.88574565
Gibbs Stadium,Spartanburg,South Carolina,Wofford Terriers,Wofford Terriers,Southern,13000,1996,,fcs,34.96186102,-81.93349821
Villanova Stadium,Villanova,Pennsylvania,Villanova Wildcats,Villanova Wildcats,CAA,12500,1927,,fcs,40.03297069,-75.33674955
Memorial Stadium,Terre Haute,Indiana,Indiana State Sycamores,Indiana State Sycamores,Missouri Valley,12464,1925,,fcs,39.47436547,-87.36735821
Alerus Center,Grand Forks,North Dakota,North Dakota,North Dakota,Big Sky,12283,2001,,fcs,47.91125416,-97.09048685
Zable Stadium,Williamsburg,Virginia,William & Mary Tribe,William & Mary Tribe,CAA,12259,1935,,fcs,37.27306246,-76.71422482
Holt Arena,Pocatello,Idaho,Idaho State Bengals,Idaho State Bengals,Big Sky,12000,1970,,fcs,42.87003557,-112.4285245
Rhodes Stadium,Elon,North Carolina,Elon Phoenix,Elon Phoenix,CAA,11250,2001,,fcs,36.10987437,-79.50768113
Alex G. Spanos Stadium,San Luis Obispo,California,Cal Poly Mustangs,Cal Poly Mustangs,Big Sky,11075,2006,,fcs,35.29851683,-120.6651142
Houck Stadium,Cape Girardeau,Missouri,Southeast Missouri State Redhawks,Southeast Missouri State Redhawks,Ohio Valley,11015,1930,,fcs,37.30919328,-89.53147173
Johnny Unitas Stadium,Towson,Maryland,Towson Tigers,Towson Tigers,CAA,11000,1978,2002,fcs,39.38852675,-76.61595941
Welcome Stadium,Dayton,Ohio,Dayton Flyers,Dayton Flyers,Pioneer,11000,1949,1974,fcs,39.736938,-84.19878666
Aggie Stadium,Davis,California,UC Davis Aggies,UC Davis Aggies,Big Sky,10849,2007,,fcs,38.53663546,-121.76332
John L. Guidry Stadium,Thibodaux,Louisiana,Nicholls State Colonels,Nicholls State Colonels,Southland,10500,1972,2012,fcs,29.78668309,-90.80363869
Andy Kerr Stadium,Hamilton,New York,Colgate Raiders,Colgate Raiders,Patriot,10221,1966,1991,fcs,42.81652725,-75.54581165
Moye Complex,Macon,Georgia,Mercer Bears,Mercer Bears,Southern,10200,2013,,fcs,32.834263,-83.626851
O'Kelly–Riddick Stadium,Durham,North Carolina,North Carolina Central Eagles,North Carolina Central Eagles,MEAC,10000,1975,,fcs,35.97388812,-78.8968941
O'Brien Stadium,Charleston,Illinois,Eastern Illinois Panthers,Eastern Illinois Panthers,Ohio Valley,10000,1970,1999,fcs,39.48059302,-88.18116188
Jayne Stadium,Morehead,Kentucky,Morehead State Eagles,Morehead State Eagles,Pioneer,10000,1964,,fcs,38.19186796,-83.42536926
Alumni Memorial Field,Lexington,Virginia,VMI Keydets,VMI Keydets,Southern,10000,1962,2006,fcs,37.78867675,-79.43499757
Governors Stadium,Clarksville,Tennessee,Austin Peay Governors,Austin Peay Governors,Ohio Valley,10000,1946,2014,fcs,36.5358123,-87.35285282
Alfond Stadium,Orono,Maine,Maine Black Bears,Maine Black Bears,CAA,10000,1998,,fcs,44.90446613,-68.67355056
DakotaDome,Vermillion,South Dakota,South Dakota Coyotes,South Dakota Coyotes,Missouri Valley,10000,1979,2007,fcs,42.79105026,-96.92752016
Kermit Tipton Stadium,Johnson City,Tennessee,East Tennessee State Buccaneers,East Tennessee State Buccaneers,Southern,6600,2010,,fcs,36.32708674,-82.37694179
Hughes Stadium,Baltimore,Maryland,Morgan State Bears,Morgan State Bears,MEAC,10000,1949,,fcs,39.27796536,-76.62269443
Municipal Stadium,Daytona Beach,Florida,Bethune–Cookman Wildcats,Bethune–Cookman Wildcats,MEAC,10000,1979,,fcs,29.17307511,-81.1177679
Rice–Totten Field,Itta Bena,Mississippi,Mississippi Valley State Delta Devils,Mississippi Valley State Delta Devils,SWAC,10000,1958,,fcs,33.50933937,-90.34379482
William H. Greene Stadium,Washington,D.C.,Howard Bison,Howard Bison,MEAC,10000,1986,,fcs,38.92567088,-77.02124121
Brooks Stadium,Conway,South Carolina,Coastal Carolina Chanticleers,Coastal Carolina Chanticleers,Big South,9214,2003,20062010,fcs,33.79283818,-79.01702283
E. Claiborne Robins Stadium,Richmond,Virginia,Richmond Spiders,Richmond Spiders,CAA,9000,2010,,fcs,37.57786501,-77.54397154
Estes Stadium,Conway,Arkansas,Central Arkansas Bears,Central Arkansas Bears,Southland,9000,1939,2012,fcs,35.08030322,-92.46012211
Roos Field,Cheney,Washington,Eastern Washington Eagles,Eastern Washington Eagles,Big Sky,8600,1967,,fcs,47.49270377,-117.588129
Nottingham Field,Greeley,Colorado,Northern Colorado Bears,Northern Colorado Bears,Big Sky,8533,1995,,fcs,40.40334966,-104.7051895
Eccles Coliseum,Cedar City,Utah,Southern Utah Thunderbirds,Southern Utah Thunderbirds,Big Sky,8500,1967,1997,fcs,37.67566875,-113.0774903
Bob Ford Field,Albany,New York,Albany Great Danes,Albany Great Danes,CAA,8500,2013,,fcs,42.68154416,-73.8277173
Ernest W. Spangler Stadium,Boiling Springs,North Carolina,Gardner–Webb Runnin' Bulldogs,Gardner–Webb Runnin' Bulldogs,Big South,8500,1969,,fcs,35.24566866,-81.6737428
Fifth Third Bank Stadium,Kennesaw,Georgia,Kennesaw State Owls,Kennesaw State Owls,Big South,8318,2010,,fcs,34.0234337,-84.6154897
Kenneth P. LaValle Stadium,Stony Brook,New York,Stony Brook Seawolves,Stony Brook Seawolves,CAA,8200,2002,,fcs,40.9183122,-73.12404513
Graham Stadium,Martin,Tennessee,UT Martin Skyhawks,UT Martin Skyhawks,Ohio Valley,8000,1964,,fcs,36.34473727,-88.86117697
Cowell Stadium,Durham,New Hampshire,New Hampshire Wildcats,New Hampshire Wildcats,CAA,8000,1936,,fcs,43.13868644,-70.93915254
Ted Wright Stadium,Savannah,Georgia,Savannah State Tigers,Savannah State Tigers,MEAC,7500,1967,,fcs,32.02727816,-81.06926968
Strawberry Stadium,Hammond,Louisiana,Southeastern Louisiana Lions,Southeastern Louisiana Lions,Southland,7408,1936,2008,fcs,30.51096529,-90.46879649
Alumni Stadium,Dover,Delaware,Delaware State Hornets,Delaware State Hornets,MEAC,7000,1980,,fcs,39.18882601,-75.54349422
Coffey Field,The Bronx,New York,Fordham Rams,Fordham Rams,Patriot,7000,1930,,fcs,40.86118054,-73.88327122
Seibert Stadium,Homewood,Alabama,Samford Bulldogs,Samford Bulldogs,Southern,6700,1958,,fcs,33.463425,-86.7952702
Bailey Memorial Stadium,Clinton,South Carolina,Presbyterian Blue Hose,Presbyterian Blue Hose,Big South,6500,2002,,fcs,34.46055713,-81.86198098
Richardson Stadium,Davidson,North Carolina,Davidson Wildcats,Davidson Wildcats,Pioneer,6000,1923,1998,fcs,35.49958483,-80.84345239
Gayle and Tom Benson Stadium,San Antonio,Texas,Incarnate Word Cardinals,Incarnate Word Cardinals,Southland,6000,2008,2010,fcs,29.46728343,-98.46986132
Blackshear Field,Prairie View,Texas,Prairie View A&M Panthers,Prairie View A&M Panthers,SWAC,6000,1960,,fcs,30.09115259,-95.99441528
Spec Martin Municipal Stadium,DeLand,Florida,Stetson Hatters,Stetson Hatters,Pioneer,6000,1941,,fcs,29.01950783,-81.30031862
Torero Stadium,San Diego,California,San Diego Toreros,San Diego Toreros,Pioneer,6000,1961,,fcs,32.7734961,-117.1837979
Butler Bowl,Indianapolis,Indiana,Butler Bulldogs,Butler Bulldogs,Pioneer,5500,1928,2010 ,fcs,39.84429757,-86.16624191
Meade Stadium,Kingston,Rhode Island,Rhode Island Rams,Rhode Island Rams,CAA,5180,1928,2003,fcs,41.48805753,-71.53452264
Leonidoff Field,Poughkeepsie,New York,Marist Red Foxes,Marist Red Foxes,Pioneer,5000,1968,2007,fcs,41.71892738,-73.93262386
Husky Stadium,Houston,Texas,Houston Baptist Huskies,Houston Baptist Huskies,Southland,5000,2014,,fcs,29.75225056,-95.35233736
Brown Field,Valparaiso,Indiana,Valparaiso Crusaders,Valparaiso Crusaders,Pioneer,5000,1919,,fcs,41.46517881,-87.04783453
Barker–Lane Stadium,Buies Creek,North Carolina,Campbell Fighting Camels,Campbell Fighting,Pioneer,5000,2008,,fcs,35.40471835,-78.74297959
D. B. Milne Field,Jacksonville,Florida,Jacksonville Dolphins,Jacksonville,Pioneer,5000,1998,,fcs,30.35647965,-81.60585337
Bulldog Stadium,Smithfield,Rhode Island,Bryant Bulldogs,Bryant Bulldogs,Northeast,4400,1999,,fcs,41.92404512,-71.53801189
Kessler Field,West Long Branch,New Jersey,Monmouth Hawks,Monmouth,Big South,4000,1993,,fcs,40.27933332,-74.00947452
Buccaneer Field,North Charleston,South Carolina,Charleston Southern Buccaneers,Charleston Southern,Big South,4000,1970,,fcs,32.97835006,-80.06846858
Campus Field,Fairfield,Connecticut,Sacred Heart Pioneers,Sacred Heart,Northeast,4000,1993,,fcs,41.21945018,-73.2456173
Arute Field,New Britain,Connecticut,Central Connecticut State Blue Devils,Central Connecticut State,Northeast,3500,1969,,fcs,41.69513675,-72.76143216
DeGol Field,Loretto,Pennsylvania,Saint Francis Red Flash,Saint Francis,Northeast,3500,2006,,fcs,40.50635956,-78.63697299
Wagner College Stadium,Staten Island,New York,Wagner Seahawks,Wagner,Northeast,3300,1967,,fcs,40.61732454,-74.09543124
Joe Walton Stadium,Moon Township,Pennsylvania,Robert Morris Colonials,Robert Morris,Northeast,3000,2005,,fcs,40.52117231,-80.2162993
Cooper Field,Georgetown,Washington D.C.,Georgetown Hoyas,Georgetown,Patriot,2500,2005,,fcs,38.90803281,-77.07540035
Arthur J. Rooney Athletic Field,Pittsburgh,Pennsylvania,Duquesne Dukes,Duquesne,Northeast,2200,1993,2011,fcs,40.43562178,-79.99015091
